Product_ID,Product_Name,Category,Opening_Inventory,Purchases,Units_Sold,Closing_Inventory,Unit_Cost,COGS,Average_Inventory,Inventory_Turnover,Inventory_Status
1001,Wireless Mouse,Electronics,97,42,95,44,2206,209570,155523,1.34751773,Slow-Moving
1002,Keyboard,Electronics,154,101,248,7,1039,257672,83639.5,3.080745342,Normal/Fast-Moving
1003,USB Cable,Electronics,84,332,276,140,460,126960,51520,2.464285714,Normal/Fast-Moving
1004,Headphones,Electronics,55,77,87,45,2105,183135,105250,1.74,Slow-Moving
1005,Webcam,Electronics,298,338,11,625,4797,52767,2213815.5,0.02383532,Slow-Moving
1006,Bluetooth Speaker,Electronics,141,309,274,176,2005,549370,317792.5,1.728706625,Slow-Moving
1007,Power Bank,Electronics,269,331,202,398,253,51106,84375.5,0.605697151,Slow-Moving
1008,Monitor,Electronics,121,246,234,133,2476,579384,314452,1.842519685,Slow-Moving
1009,Office Chair,Furniture,119,140,146,113,1037,151402,120292,1.25862069,Slow-Moving
1010,Study Table,Furniture,87,224,16,295,3140,50240,599740,0.083769634,Slow-Moving
1011,Bookshelf,Furniture,216,339,195,360,555,108225,159840,0.677083333,Slow-Moving
1012,Filing Cabinet,Furniture,275,304,123,456,3300,405900,1206150,0.336525308,Slow-Moving
1013,Desk Lamp,Furniture,80,312,210,182,3162,664020,414222,1.603053435,Slow-Moving
1014,Conference Table,Furniture,138,65,71,132,2066,146686,278910,0.525925926,Slow-Moving
1015,Office Sofa,Furniture,188,70,64,194,2107,134848,402437,0.335078534,Slow-Moving
1016,Storage Rack,Furniture,91,224,131,184,3914,512734,538175,0.952727273,Slow-Moving
1017,T-Shirt,Clothing,226,113,249,90,3110,774390,491380,1.575949367,Slow-Moving
1018,Jeans,Clothing,147,166,239,74,784,187376,86632,2.162895928,Normal/Fast-Moving
1019,Formal Shirt,Clothing,127,303,185,245,1538,284530,286068,0.994623656,Slow-Moving
1020,Jacket,Clothing,276,224,27,473,4762,128574,1783369,0.072096128,Slow-Moving
1021,Sweatshirt,Clothing,152,196,88,260,2076,182688,427656,0.427184466,Slow-Moving
1022,Cotton Dress,Clothing,56,191,162,85,2393,387666,168706.5,2.29787234,Normal/Fast-Moving
1023,Track Pants,Clothing,73,138,205,6,2777,569285,109691.5,5.189873418,Normal/Fast-Moving
1024,Kurti,Clothing,148,285,262,171,3958,1036996,631301,1.642633229,Slow-Moving
1025,Notebook,Stationery,113,165,18,260,2220,39960,414030,0.096514745,Slow-Moving
1026,Pen Set,Stationery,174,329,279,224,4980,1389420,991020,1.40201005,Slow-Moving
1027,Marker Set,Stationery,244,215,172,287,1333,229276,353911.5,0.647834275,Slow-Moving
1028,Stapler,Stationery,300,282,106,476,585,62010,226980,0.273195876,Slow-Moving
1029,Printer Paper,Stationery,96,108,100,104,3658,365800,365800,1,Slow-Moving
1030,File Folder,Stationery,72,227,34,265,4034,137156,679729,0.201780415,Slow-Moving
1031,Sticky Notes,Stationery,168,313,65,416,1138,73970,332296,0.22260274,Slow-Moving
1032,Calculator,Stationery,176,204,117,263,2604,304668,571578,0.533029613,Slow-Moving
